Date,Open Price,High Price,Low Price,Close Price,WAP,No.of Shares,No. of Trades,Total Turnover (Rs.),Deliverable Quantity,% Deli. Qty to Traded Qty,Spread High-Low,Spread Close-Open
30-March-2026,1245.30,1265.00,1242.80,1251.20,1254.924279181306117896,645516,24707,810073701.00,397733,61.61,22.20,5.90
27-March-2026,1278.00,1295.00,1263.70,1270.00,1278.739074891097955992,572992,26117,732707260.00,253428,44.23,31.30,-8.00
25-March-2026,1277.85,1290.40,1258.30,1279.35,1281.130506662688941925,1045824,37565,1339837031.00,159790,15.28,32.10,1.50
24-March-2026,1269.95,1296.70,1250.65,1278.20,1281.261202352761439156,654550,29880,838649520.00,330800,50.54,46.05,8.25
23-March-2026,1249.60,1261.00,1227.55,1258.10,1252.691914698739099914,532794,21167,667426736.00,306907,57.60,33.45,8.50
20-March-2026,1240.80,1264.00,1229.30,1254.60,1249.448277671137335744,324038,11203,404868721.00,163456,50.44,34.70,13.80
19-March-2026,1240.80,1255.00,1215.25,1220.65,1228.251607288208239015,762931,41893,937071227.00,201045,26.35,39.75,-20.15
18-March-2026,1239.70,1290.60,1236.15,1267.45,1275.591349494841503180,448968,26747,572699697.00,155709,34.68,54.45,27.75
17-March-2026,1249.50,1249.50,1215.15,1232.50,1228.626677097364288193,340022,18527,417760100.00,173056,50.90,34.35,-17.00
16-March-2026,1244.75,1253.65,1225.00,1249.60,1237.478133427130964943,426450,22194,527722550.00,209731,49.18,28.65,4.85
13-March-2026,1253.00,1269.60,1243.10,1248.50,1255.647305035423005350,362194,23307,454787920.00,190862,52.70,26.50,-4.50
12-March-2026,1273.95,1278.60,1257.80,1265.85,1268.429158010978042440,678263,38593,860328566.00,234388,34.56,20.80,-8.10
11-March-2026,1294.00,1299.00,1272.00,1276.35,1289.385430697851612991,587976,14396,758127688.00,448521,76.28,27.00,-17.65
10-March-2026,1319.00,1321.75,1284.30,1295.55,1296.188994416728779225,218689,8563,283462275.00,112164,51.29,37.45,-23.45
9-March-2026,1294.55,1317.25,1282.50,1314.35,1298.350190907162553913,226288,10722,293801068.00,115723,51.14,34.75,19.80
6-March-2026,1304.85,1327.15,1304.00,1308.25,1314.902175572861929271,222654,7115,292768229.00,108184,48.59,23.15,3.40
5-March-2026,1315.95,1319.35,1290.30,1304.90,1302.688040196623396440,366996,27979,478081300.00,135780,37.00,29.05,-11.05
4-March-2026,1285.15,1316.85,1285.15,1307.50,1306.758363106272540361,474704,22136,620323422.00,239093,50.37,31.70,22.35
2-March-2026,1276.50,1298.85,1273.00,1288.15,1286.439067455078401092,374931,19797,482325886.00,164714,43.93,25.85,11.65
27-February-2026,1319.40,1335.00,1296.00,1299.95,1311.127521307670479011,708313,19786,928688668.00,342190,48.31,39.00,-19.45
26-February-2026,1304.00,1314.30,1286.20,1289.35,1299.335040460134170685,569573,33661,740066157.00,228643,40.14,28.10,-14.65
25-February-2026,1285.00,1323.45,1285.00,1290.35,1302.564490402368544677,1098396,41372,1430731626.00,445565,40.56,38.45,5.35
24-February-2026,1304.95,1304.95,1265.00,1276.55,1278.558199531740659779,1622178,71700,2074048983.00,947267,58.39,39.95,-28.40
23-February-2026,1354.00,1354.00,1318.55,1328.45,1331.273682755322408291,535284,22279,712609502.00,259822,48.54,35.45,-25.55
20-February-2026,1355.05,1365.75,1338.85,1352.75,1354.671458425154888649,596719,16377,808358198.00,339666,56.92,26.90,-2.30
19-February-2026,1384.70,1401.85,1363.90,1369.60,1388.691405632315252123,670346,24419,930903729.00,243258,36.29,37.95,-15.10
18-February-2026,1397.55,1400.55,1345.20,1373.55,1365.331471459551119822,1093343,42589,1492775607.00,460924,42.16,55.35,-24.00
17-February-2026,1370.00,1430.95,1366.70,1391.20,1408.215371224928291643,1811853,49010,2551479245.00,815000,44.98,64.25,21.20
16-February-2026,1384.85,1384.85,1339.00,1366.25,1352.288354676779832480,834292,32586,1128203356.00,345266,41.38,45.85,-18.60
13-February-2026,1298.00,1377.00,1281.55,1369.50,1336.938739373125778393,2817503,96324,3766828909.00,1141517,40.52,95.45,71.50
12-February-2026,1433.95,1434.95,1381.00,1387.20,1398.809059885231012655,1366397,71677,1911328503.00,711628,52.08,53.95,-46.75
11-February-2026,1498.40,1505.90,1469.00,1472.40,1481.900868758343010320,368572,23426,546187167.00,205107,55.65,36.90,-26.00
10-February-2026,1497.05,1516.05,1491.05,1498.70,1502.089621814552924834,222457,8647,334150351.00,146120,65.68,25.00,1.65
9-February-2026,1515.40,1527.80,1493.00,1497.05,1502.131696081983334195,347778,14023,522408357.00,233537,67.15,34.80,-18.35
6-February-2026,1518.20,1523.35,1480.15,1506.90,1500.892115765753536231,368330,13818,552823593.00,181073,49.16,43.20,-11.30
5-February-2026,1530.00,1551.00,1515.75,1519.80,1529.076017048982367468,642619,51810,982613301.00,281878,43.86,35.25,-10.20
4-February-2026,1580.35,1584.00,1510.10,1535.90,1536.650409761078452203,1355424,58455,2082812845.00,870677,64.24,73.90,-44.45
3-February-2026,1703.00,1727.85,1653.00,1654.95,1673.868609425205283827,336120,20660,562620717.00,187648,55.83,74.85,-48.05
2-February-2026,1660.00,1660.75,1618.00,1629.00,1631.971632439958231813,310284,14185,506374686.00,220094,70.93,42.75,-31.00
1-February-2026,1639.15,1677.30,1604.30,1659.65,1639.983423312105298689,488819,31397,801655057.00,372345,76.17,73.00,20.50
30-January-2026,1650.05,1652.85,1617.35,1640.45,1628.001975353166097693,244007,7879,397243878.00,158247,64.85,35.50,-9.60
29-January-2026,1659.00,1664.70,1641.60,1657.70,1655.374362235547671060,545656,23389,903264953.00,236343,43.31,23.10,-1.30
28-January-2026,1675.25,1688.65,1650.00,1666.40,1663.059375734649825821,374328,27958,622529690.00,181509,48.49,38.65,-8.85
27-January-2026,1683.00,1689.00,1661.25,1683.40,1679.801801015405664916,492611,5129,827488845.00,453809,92.12,27.75,0.40
23-January-2026,1650.35,1676.70,1650.35,1670.60,1668.163225819370535200,399514,5174,666454563.00,364753,91.30,26.35,20.25
22-January-2026,1666.15,1670.90,1653.55,1663.35,1661.198785182715188626,263908,23472,438403649.00,66059,25.03,17.35,-2.80
21-January-2026,1644.95,1658.40,1631.00,1654.60,1645.402340234023402340,228866,14072,376576652.00,136542,59.66,27.40,9.65
20-January-2026,1674.00,1679.50,1652.65,1657.70,1667.993485796539467113,272328,5414,454241330.00,226003,82.99,26.85,-16.30
19-January-2026,1689.20,1689.20,1666.45,1680.35,1678.265476427444915708,195927,6059,328817520.00,136357,69.60,22.75,-8.85
16-January-2026,1670.30,1693.00,1654.55,1689.40,1679.135023926286254385,808316,21354,1357271706.00,401619,49.69,38.45,19.10
14-January-2026,1589.95,1616.20,1583.75,1599.05,1599.629691869286357875,600427,26399,960460857.00,234088,38.99,32.45,9.10
13-January-2026,1606.20,1616.00,1586.55,1597.95,1595.022107581639108667,256066,23873,408430931.00,115496,45.10,29.45,-8.25
12-January-2026,1603.15,1612.85,1592.35,1595.95,1599.693048929723645549,305622,12368,488901389.00,200301,65.54,20.50,-7.20
9-January-2026,1607.20,1630.90,1607.20,1614.75,1620.244775634894411306,172509,5486,279506806.00,107489,62.31,23.70,7.55
8-January-2026,1636.10,1644.15,1608.80,1613.15,1618.802260745666112562,526375,24225,852097040.00,171958,32.67,35.35,-22.95
7-January-2026,1613.05,1642.00,1613.05,1638.90,1633.412837585145454487,312847,17905,511008306.00,202810,64.83,28.95,25.85
6-January-2026,1601.50,1619.85,1599.00,1611.15,1612.852180929671704579,220594,8958,355785514.00,134535,60.99,20.85,9.65
5-January-2026,1632.05,1636.65,1583.50,1606.40,1602.758349614061595335,322979,22364,517657289.00,200485,62.07,53.15,-25.65
2-January-2026,1633.05,1643.20,1628.00,1640.65,1638.929974576574641028,139635,4597,228851987.00,101029,72.35,15.20,7.60
1-January-2026,1608.95,1639.40,1608.95,1629.50,1629.491931890384282142,484748,29287,789892955.00,112492,23.21,30.45,20.55
31-December-2025,1623.95,1628.95,1609.90,1616.45,1617.447453506819401967,331554,18977,536271173.00,216333,65.25,19.05,-7.50
30-December-2025,1640.00,1648.00,1618.50,1624.40,1633.230003561098903007,230266,9645,376077340.00,150550,65.38,29.50,-15.60
29-December-2025,1655.55,1672.00,1638.00,1645.50,1646.112000679703022064,153008,5565,251868305.00,104350,68.20,34.00,-10.05
26-December-2025,1658.30,1668.30,1651.15,1655.55,1659.007765532275644907,206425,7190,342460678.00,160653,77.83,17.15,-2.75
24-December-2025,1660.00,1667.70,1652.25,1662.40,1660.955600983543300945,243609,21972,404623733.00,41911,17.20,15.45,2.40
23-December-2025,1681.95,1681.95,1655.95,1668.10,1664.595516097830592787,289480,20912,481867110.00,169444,58.53,26.00,-13.85
22-December-2025,1669.95,1692.90,1662.80,1689.70,1681.794666281734360621,831315,23222,1398101133.00,559744,67.33,30.10,19.75
19-December-2025,1645.05,1655.00,1629.70,1639.60,1641.445336162691142759,434492,10115,713194867.00,330472,76.06,25.30,-5.45
18-December-2025,1610.00,1629.00,1607.00,1626.35,1623.987441900221819593,713643,41608,1158947270.00,248382,34.80,22.00,16.35
17-December-2025,1590.00,1606.50,1586.45,1602.10,1601.482837923302478008,173930,6625,278545910.00,114926,66.08,20.05,12.10
16-December-2025,1598.05,1603.20,1585.90,1592.35,1591.152458112456712072,342763,10536,545388190.00,274724,80.15,17.30,-5.70
15-December-2025,1581.00,1610.70,1581.00,1607.05,1604.532939156311229719,231199,10965,370966411.00,160097,69.25,29.70,26.05
12-December-2025,1602.05,1602.05,1582.30,1598.75,1591.770860444667755307,398050,6412,633604391.00,352417,88.54,19.75,-3.30
11-December-2025,1598.80,1605.80,1580.95,1597.80,1593.795465185047253500,762589,35406,1215410890.00,220638,28.93,24.85,-1.00
10-December-2025,1600.55,1606.30,1582.45,1584.65,1592.278115167922733591,574014,37634,913989930.00,358077,62.38,23.85,-15.90
9-December-2025,1600.05,1606.15,1582.50,1599.35,1596.747631505249281084,146401,6512,233765450.00,91524,62.52,23.65,-0.70
8-December-2025,1615.95,1629.80,1600.60,1610.05,1616.325617489594193128,255146,8359,412399016.00,152207,59.65,29.20,-5.90
5-December-2025,1607.35,1631.20,1600.85,1615.95,1617.232057987211613740,687186,25654,1111339229.00,423572,61.64,30.35,8.60
4-December-2025,1560.75,1599.75,1560.75,1597.80,1594.062380182861436433,1501246,55397,2393079772.00,640545,42.67,39.00,37.05
3-December-2025,1555.00,1585.60,1551.10,1578.30,1573.137385609322988876,462341,16678,727325912.00,256827,55.55,34.50,23.30
2-December-2025,1564.05,1579.55,1556.00,1560.75,1565.356545398068135462,267203,12538,418267965.00,181845,68.05,23.55,-3.30
1-December-2025,1560.25,1573.70,1557.00,1563.15,1562.616571389214133204,217785,5596,340314450.00,168651,77.44,16.70,2.90
28-November-2025,1569.10,1569.10,1556.95,1559.70,1562.251443555289865902,220809,4291,344959179.00,181494,82.20,12.15,-9.40
27-November-2025,1557.05,1574.40,1552.40,1566.15,1564.059486623241000905,866615,33677,1355437412.00,111734,12.89,22.00,9.10
26-November-2025,1534.55,1559.95,1534.45,1557.75,1547.619665980181001640,190827,15315,295327618.00,81852,42.89,25.50,23.20
25-November-2025,1549.00,1549.45,1526.00,1530.00,1532.294014435089063973,266157,12309,407830778.00,182016,68.39,23.45,-19.00
24-November-2025,1557.15,1584.95,1541.55,1549.40,1566.066502183858978904,414633,15495,649342852.00,242955,58.60,43.40,-7.75
21-November-2025,1530.00,1551.50,1527.50,1544.60,1547.353060513066684953,699948,10912,1083066680.00,599695,85.68,24.00,14.60
20-November-2025,1541.00,1555.00,1533.40,1536.75,1538.143485587830510183,932233,29694,1433908116.00,207122,22.22,21.60,-4.25
19-November-2025,1488.80,1542.85,1488.80,1541.25,1530.345211683227943390,415125,16690,635284556.00,186532,44.93,54.05,52.45
18-November-2025,1505.05,1505.05,1483.45,1485.65,1487.380352335005261791,658521,10815,979471197.00,148085,22.49,21.60,-19.40
17-November-2025,1485.10,1509.90,1485.10,1507.60,1501.120893138637683564,192848,9520,289488162.00,108896,56.47,24.80,22.50
14-November-2025,1510.65,1529.65,1489.30,1502.50,1505.278699266137486895,427328,17004,643247736.00,241906,56.61,40.35,-8.15
13-November-2025,1558.95,1558.95,1530.40,1542.35,1544.094991487621384616,1051410,34662,1623476915.00,333214,31.69,28.55,-16.60
12-November-2025,1541.20,1557.90,1538.25,1551.40,1550.046266574165737759,641435,24832,994253927.00,381366,59.46,19.65,10.20
11-November-2025,1523.25,1532.50,1511.00,1530.60,1523.665033951528489760,521626,20405,794783297.00,352230,67.53,21.50,7.35
10-November-2025,1495.00,1520.00,1490.15,1514.60,1511.788211519131340247,664564,23237,1004680021.00,367953,55.37,29.85,19.60
7-November-2025,1470.00,1481.15,1449.35,1477.35,1463.867489137027572560,402284,17566,588890469.00,228104,56.70,31.80,7.35
6-November-2025,1473.20,1482.70,1461.30,1466.25,1468.778842551310199096,1067624,32784,1568103543.00,200859,18.81,21.40,-6.95
4-November-2025,1480.00,1481.20,1463.00,1468.00,1471.795260973338349481,162143,9828,238641299.00,125580,77.45,18.20,-12.00
3-November-2025,1481.30,1490.00,1474.35,1485.35,1481.799062868700488791,296650,13773,439575692.00,209907,70.76,15.65,4.05
31-October-2025,1491.55,1496.95,1481.00,1482.50,1487.705078514720376338,330766,11783,492082258.00,258702,78.21,15.95,-9.05
30-October-2025,1506.00,1507.80,1489.00,1493.60,1494.144297786836041826,556398,22558,831338899.00,126895,22.81,18.80,-12.40
29-October-2025,1500.00,1519.80,1496.85,1510.80,1509.955346427421479378,273304,15210,412676836.00,200647,73.42,22.95,10.80
28-October-2025,1498.20,1505.55,1490.50,1500.60,1496.372989947481456081,443272,21549,663300248.00,319147,72.00,15.05,2.40
27-October-2025,1512.30,1515.00,1498.00,1504.80,1507.152995382344577301,295388,13771,445194909.00,163151,55.23,17.00,-7.50
24-October-2025,1538.00,1542.30,1517.45,1525.40,1525.881798863249626844,373169,17433,569411785.00,240975,64.58,24.85,-12.60
23-October-2025,1515.00,1545.70,1506.90,1528.85,1530.507621444010121327,1133053,36938,1734146252.00,352715,31.13,38.80,13.85
21-October-2025,1477.25,1484.60,1470.00,1472.00,1475.555289954054389668,161060,10515,237652935.00,102153,63.43,14.60,-5.25
20-October-2025,1446.15,1466.85,1446.15,1461.50,1460.575532531337754379,403826,16260,589818375.00,251853,62.37,20.70,15.35
17-October-2025,1459.00,1459.00,1433.80,1441.30,1444.240331565678273626,709603,43384,1024837272.00,412884,58.19,25.20,-17.70
16-October-2025,1475.00,1484.85,1460.20,1472.75,1470.749048882657818779,764627,24948,1124574433.00,163922,21.44,24.65,-2.25
15-October-2025,1488.00,1488.70,1467.40,1473.90,1474.868141355171924571,331279,18039,488592843.00,78511,23.70,21.30,-14.10
14-October-2025,1494.95,1514.85,1486.20,1489.80,1497.749356086961829079,163842,14323,245394250.00,83973,51.25,28.65,-5.15
13-October-2025,1499.95,1504.75,1483.50,1493.00,1492.447263360827296201,314857,16626,469907468.00,186505,59.23,21.25,-6.95
10-October-2025,1510.05,1521.05,1497.95,1514.25,1513.477415581798792024,203481,11429,307963898.00,108419,53.28,23.10,4.20
9-October-2025,1503.90,1513.40,1487.10,1509.40,1507.667185305277563349,581651,20880,876936126.00,95024,16.34,26.30,5.50
8-October-2025,1456.10,1497.90,1455.00,1494.95,1492.284471019033582703,285653,9464,426275536.00,188514,65.99,42.90,38.85
7-October-2025,1479.35,1483.00,1454.10,1456.10,1458.871175342046242670,222046,4676,323936509.00,184101,82.91,28.90,-23.25
6-October-2025,1446.55,1478.60,1442.05,1475.15,1464.520406993772842461,78527,4311,115004394.00,27402,34.90,36.55,28.60
3-October-2025,1443.45,1448.70,1433.80,1446.55,1442.936612194264981105,139459,5084,201230497.00,84638,60.69,14.90,3.10
1-October-2025,1445.40,1449.50,1427.35,1445.65,1441.239200721247260348,900662,29132,1298069381.00,411699,45.71,22.15,0.25
30-September-2025,1443.00,1451.80,1438.40,1442.05,1444.755930595916977736,82243,5963,118821062.00,51389,62.48,13.40,-0.95
29-September-2025,1460.05,1464.75,1436.70,1440.30,1450.487689647959973482,1692478,4695,2454918504.00,1633770,96.53,28.05,-19.75
26-September-2025,1478.65,1478.65,1441.30,1448.60,1457.569916982580738039,208390,14288,303742995.00,105821,50.78,37.35,-30.05
25-September-2025,1487.00,1503.00,1476.55,1484.65,1486.602369173311621073,451972,23559,671902646.00,115840,25.63,26.45,-2.35
24-September-2025,1493.00,1496.70,1483.10,1494.20,1491.216325061120600154,238872,25117,356209826.00,121292,50.78,13.60,1.20
23-September-2025,1493.05,1512.95,1493.05,1497.75,1500.983412924789541081,216313,15240,324682225.00,108646,50.23,19.90,4.70
22-September-2025,1480.05,1514.70,1480.05,1500.10,1499.761296753961496126,722265,49627,1083225093.00,480083,66.47,34.65,20.05
19-September-2025,1541.40,1550.95,1520.60,1540.30,1530.904233634948835543,145218,11622,222314851.00,73529,50.63,30.35,-1.10
18-September-2025,1545.00,1554.80,1538.00,1540.25,1545.703148287548029977,661566,30275,1022584649.00,238938,36.12,16.80,-4.75
17-September-2025,1515.25,1526.75,1514.00,1523.00,1520.807026264085117956,213257,13500,324322744.00,95628,44.84,12.75,7.75
16-September-2025,1508.05,1514.35,1503.95,1511.35,1507.580695414419092633,188722,10550,284513644.00,113081,59.92,10.40,3.30
15-September-2025,1524.10,1527.00,1501.40,1508.05,1510.157148390689116724,165226,7345,249517225.00,98443,59.58,25.60,-16.05
12-September-2025,1544.65,1544.65,1522.65,1525.55,1531.362496869210860622,443179,15641,678667700.00,225521,50.89,22.00,-19.10
11-September-2025,1530.00,1530.00,1506.65,1509.50,1511.395702855186831054,817985,41143,1236299014.00,136034,16.63,23.35,-20.50
10-September-2025,1509.00,1534.50,1509.00,1532.65,1527.373611525600565846,425557,25956,649984532.00,183793,43.19,25.50,23.65
9-September-2025,1480.00,1507.00,1472.60,1504.75,1492.840049090504533570,575264,16504,858777138.00,244008,42.42,34.40,24.75
8-September-2025,1452.00,1458.45,1428.35,1432.65,1438.039789924676940087,144710,9061,208098738.00,63278,43.73,30.10,-19.35
5-September-2025,1469.50,1472.55,1433.15,1444.35,1445.144986870374791119,251340,16694,363222741.00,104167,41.44,39.40,-25.15
4-September-2025,1482.45,1485.00,1460.00,1463.25,1466.709399362687135499,498970,30157,731843989.00,94061,18.85,25.00,-19.20
3-September-2025,1497.05,1502.40,1473.00,1479.30,1479.470543754128567951,115052,12601,170216045.00,38379,33.36,29.40,-17.75
2-September-2025,1499.45,1512.85,1486.10,1497.10,1499.478199105284801056,80249,5548,120331626.00,38943,48.53,26.75,-2.35
1-September-2025,1472.20,1502.50,1472.20,1499.45,1497.631057268722466960,98064,4300,146863692.00,38374,39.13,30.30,27.25
29-August-2025,1500.00,1500.90,1467.50,1469.45,1480.528769275932929251,463272,7326,685887524.00,383379,82.75,33.40,-30.55
28-August-2025,1515.75,1528.40,1498.10,1500.05,1504.613258342503407644,220827,9328,332259232.00,110620,50.09,30.30,-15.70
26-August-2025,1522.15,1538.30,1518.05,1529.85,1527.752873658017022800,848744,33521,1296671085.00,192011,22.62,20.25,7.70
25-August-2025,1492.05,1539.00,1492.05,1532.60,1528.644355399580450422,530569,24898,811051307.00,243539,45.90,46.95,40.55
22-August-2025,1496.25,1501.45,1485.90,1487.60,1494.135838032405755131,196138,9831,293056815.00,126295,64.39,15.55,-8.65
21-August-2025,1508.00,1508.00,1484.15,1496.70,1496.780045155104691800,161665,7394,241976946.00,107883,66.73,23.85,-11.30
20-August-2025,1440.00,1499.00,1439.90,1495.85,1478.220061620988482137,353451,15767,522478359.00,202711,57.35,59.10,55.85
19-August-2025,1434.50,1449.70,1434.50,1440.00,1443.768481739524477108,564936,15991,815636791.00,332541,58.86,15.20,5.50
18-August-2025,1468.45,1468.45,1429.65,1435.60,1440.737304902176302484,86431,4181,124524366.00,39297,45.47,38.80,-32.85
14-August-2025,1427.85,1470.00,1427.40,1447.45,1453.691187177976988252,215629,7892,313457977.00,68751,31.88,42.60,19.60
13-August-2025,1428.95,1434.00,1422.20,1426.00,1426.918962590122935716,317483,8675,453022513.00,120297,37.89,11.80,-2.95
12-August-2025,1429.80,1441.00,1421.15,1424.10,1427.431392584708178108,704625,14478,1005803845.00,382156,54.24,19.85,-5.70
11-August-2025,1420.00,1433.20,1414.50,1428.00,1424.482153942840500624,130477,9205,185862158.00,65957,50.55,18.70,8.00
8-August-2025,1428.95,1433.35,1417.05,1423.65,1424.265903223671145826,317247,16554,451844085.00,230315,72.60,16.30,-5.30
7-August-2025,1435.00,1442.70,1414.55,1437.65,1426.014685940898042727,195425,6380,278678920.00,142654,73.00,28.15,2.65
6-August-2025,1455.70,1455.70,1430.30,1435.75,1442.143741495892061447,96277,5059,138845273.00,48781,50.67,25.40,-19.95
5-August-2025,1475.20,1479.90,1454.75,1459.75,1459.619630203382032924,491243,8755,717027926.00,406000,82.65,25.15,-15.45
4-August-2025,1466.00,1482.50,1451.20,1480.35,1465.294253967597094911,144987,10425,212448618.00,74200,51.18,31.30,14.35
1-August-2025,1496.95,1498.75,1466.10,1470.60,1480.074784085331069159,150754,8360,223127194.00,71262,47.27,32.65,-26.35
31-July-2025,1507.55,1526.70,1497.10,1508.60,1509.479711123811503091,827621,11605,1249277108.00,152157,18.38,29.60,1.05
30-July-2025,1510.05,1521.50,1505.70,1519.05,1514.760838434938124151,159917,6779,242236009.00,97275,60.83,15.80,9.00
29-July-2025,1510.45,1517.20,1496.60,1513.85,1508.002124921964072698,341189,19794,514513737.00,155279,45.51,20.60,3.40
28-July-2025,1518.95,1519.35,1482.70,1516.10,1507.091442541084369656,287153,16177,432765829.00,119766,41.71,36.65,-2.85
25-July-2025,1543.00,1549.75,1511.35,1515.60,1524.514145077720207253,463200,30329,706154952.00,311786,67.31,38.40,-27.40
24-July-2025,1581.00,1581.00,1548.20,1553.55,1557.835767508041587434,380211,14311,592306295.00,204316,53.74,32.80,-27.45
23-July-2025,1579.80,1592.40,1551.00,1574.40,1580.209371456207057567,239856,11330,379022699.00,147472,61.48,41.40,-5.40
22-July-2025,1579.95,1585.60,1567.00,1570.10,1573.594002789156236493,571499,21780,899307399.00,296822,51.94,18.60,-9.85
21-July-2025,1579.15,1589.00,1568.25,1584.60,1578.985266285941961617,120472,7358,190223513.00,61540,51.08,20.75,5.45
18-July-2025,1588.05,1599.00,1579.90,1586.55,1587.568345927110303089,369627,3592,586808125.00,84023,22.73,19.10,-1.50
17-July-2025,1608.55,1609.75,1580.50,1582.70,1594.151209791130078396,159573,6868,254383491.00,104917,65.75,29.25,-25.85
16-July-2025,1580.00,1612.10,1579.80,1608.60,1600.612091966138542112,60718,3183,97185965.00,24808,40.86,32.30,28.60
15-July-2025,1565.00,1603.80,1565.00,1584.80,1585.327064281572021233,896680,16746,1421531072.00,155802,17.38,38.80,19.80
14-July-2025,1589.20,1593.95,1560.00,1570.45,1590.468722149988406871,1462073,16995,2325381376.00,1356794,92.80,33.95,-18.75
11-July-2025,1579.00,1606.95,1563.25,1594.90,1591.384605357672776488,360567,14388,573800773.00,200302,55.55,43.70,15.90
10-July-2025,1637.00,1637.00,1607.55,1616.75,1617.217378913688355765,771970,6713,1248443300.00,103032,13.35,29.45,-20.25
9-July-2025,1638.65,1638.65,1624.00,1633.90,1630.763647588411578423,400089,9116,652450597.00,351280,87.80,14.65,-4.75
8-July-2025,1628.20,1646.90,1621.10,1638.65,1636.142160835963782674,549019,14124,898273133.00,123730,22.54,25.80,10.45
7-July-2025,1640.00,1642.40,1623.05,1627.50,1634.077002953664389883,173344,5459,283257444.00,129058,74.45,19.35,-12.50
4-July-2025,1628.15,1643.40,1612.40,1640.20,1627.212858678423727887,274445,8954,446580433.00,133332,48.58,31.00,12.05
3-July-2025,1610.00,1632.00,1610.00,1618.15,1623.069071373752877973,95119,3954,154384707.00,39544,41.57,22.00,8.15
2-July-2025,1616.60,1649.00,1604.00,1609.90,1629.449341294257629516,466445,14347,760048498.00,167023,35.81,45.00,-6.70
1-July-2025,1601.30,1617.00,1600.90,1608.15,1607.664768778806582134,461917,15706,742607687.00,76598,16.58,16.10,6.85
30-June-2025,1609.30,1614.95,1594.25,1601.30,1604.268781284409525886,187993,8194,301591301.00,106877,56.85,20.70,-8.00
27-June-2025,1602.05,1629.95,1602.05,1608.60,1614.801081939550349893,80596,3636,130146508.00,27176,33.72,27.90,6.55
26-June-2025,1615.45,1624.10,1606.55,1615.00,1615.501170673562998201,187926,6197,303594673.00,104603,55.66,17.55,-0.45
25-June-2025,1592.95,1619.85,1586.00,1615.50,1606.562502058335986299,91093,3640,146346598.00,42184,46.31,33.85,22.55
24-June-2025,1603.15,1606.40,1577.90,1581.55,1586.728025083489854424,930652,25603,1476691610.00,168722,18.13,28.50,-21.60
23-June-2025,1600.00,1600.10,1576.00,1584.70,1586.466276059939810699,256524,8970,406966675.00,150465,58.66,24.10,-15.30
20-June-2025,1619.00,1630.00,1608.65,1621.85,1616.241198875638274869,300615,11493,485866348.00,154221,51.30,21.35,2.85
19-June-2025,1629.65,1629.65,1612.25,1618.50,1618.468398451995970948,188630,5213,305291694.00,138288,73.31,17.40,-11.15
18-June-2025,1615.00,1644.45,1615.00,1632.80,1635.430126268142323188,659232,6720,1078127873.00,571757,86.73,29.45,17.80
17-June-2025,1619.95,1647.70,1615.20,1640.15,1637.656340100499012567,2067483,30733,3385826643.00,1090399,52.74,32.50,20.20
16-June-2025,1600.00,1634.50,1596.80,1623.75,1618.564793302080039593,436434,11680,706396707.00,258114,59.14,37.70,23.75
13-June-2025,1571.05,1608.75,1570.00,1601.55,1593.467776533013747405,115149,5082,183486221.00,31116,27.02,38.75,30.50
12-June-2025,1625.95,1627.50,1598.40,1607.40,1612.098469240068790546,176187,6694,284030793.00,77083,43.75,29.10,-18.55
11-June-2025,1594.95,1634.10,1589.95,1630.70,1616.293402682726526142,420095,18115,678996777.00,254356,60.55,44.15,35.75
10-June-2025,1580.00,1607.00,1577.70,1596.25,1595.426162297128589263,400500,19033,638968178.00,98855,24.68,29.30,16.25
9-June-2025,1579.00,1587.90,1570.10,1572.55,1577.387709791525551290,292314,13135,461092511.00,135165,46.24,17.80,-6.45
6-June-2025,1553.30,1568.00,1543.70,1564.05,1554.129042558338305729,310045,13482,481849939.00,89443,28.85,24.30,10.75
5-June-2025,1552.00,1567.45,1542.40,1554.35,1555.754826298905163654,175186,7307,272546465.00,79518,45.39,25.05,2.35
4-June-2025,1542.30,1557.00,1542.00,1551.25,1549.998227357093699818,47951,2722,74323965.00,16813,35.06,15.00,8.95
3-June-2025,1561.80,1566.70,1535.35,1542.35,1544.282395235735344762,1190530,44376,1838514520.00,153231,12.87,31.35,-19.45
2-June-2025,1562.00,1562.00,1538.75,1554.20,1551.562477812226350791,338024,16190,524465355.00,143654,42.50,23.25,-7.80
30-May-2025,1569.00,1570.75,1555.10,1562.80,1564.036761049036835648,361932,8992,566074953.00,260083,71.86,15.65,-6.20
29-May-2025,1585.00,1609.00,1577.00,1585.40,1593.215575140849834265,413916,13154,659457418.00,165230,39.92,32.00,0.40
28-May-2025,1574.05,1587.00,1570.05,1572.05,1577.179953501315068985,222802,7203,351398848.00,151968,68.21,16.95,-2.00
27-May-2025,1578.25,1582.80,1556.20,1570.50,1567.572211251952233104,959158,32264,1503549427.00,339522,35.40,26.60,-7.75
26-May-2025,1569.95,1583.75,1562.35,1580.40,1578.167122174619589304,216608,6668,341843624.00,95429,44.06,21.40,10.45
23-May-2025,1550.00,1586.50,1549.25,1564.50,1576.513598542991496722,328344,11155,517638781.00,142758,43.48,37.25,14.50
22-May-2025,1562.00,1562.00,1540.05,1549.20,1551.645112704557213714,369151,12874,572791345.00,262231,71.04,21.95,-12.80
21-May-2025,1561.65,1570.00,1552.15,1568.10,1566.170991698290670864,153101,5664,239782345.00,90810,59.31,17.85,6.45
20-May-2025,1567.00,1583.00,1558.30,1560.40,1567.377521694678569647,320816,14747,502839787.00,52080,16.23,24.70,-6.60
19-May-2025,1583.95,1583.95,1555.00,1559.15,1566.394780716030302955,402469,11775,630425341.00,181678,45.14,28.95,-24.80
16-May-2025,1614.20,1614.20,1581.30,1589.75,1590.812280480869002704,230333,12414,366416565.00,85811,37.26,32.90,-24.45
15-May-2025,1592.35,1618.85,1571.20,1613.25,1600.636779200130089526,332079,16918,531537861.00,161475,48.63,47.65,20.90
14-May-2025,1575.00,1594.15,1570.00,1592.60,1588.740490042515104050,196636,9233,312403575.00,106098,53.96,24.15,17.60
13-May-2025,1619.60,1619.60,1564.95,1569.10,1578.137487626917397185,435421,13547,687154203.00,213530,49.04,54.65,-50.50
12-May-2025,1535.25,1632.00,1534.05,1626.70,1580.075713111480096258,302933,10553,478657076.00,93233,30.78,97.95,91.45
9-May-2025,1491.20,1511.00,1491.20,1507.45,1503.198490377142254949,75913,3131,114112307.00,44339,58.41,19.80,16.25
8-May-2025,1509.95,1516.40,1501.35,1511.25,1508.955829466187160096,170453,7751,257206048.00,90537,53.12,15.05,1.30
7-May-2025,1501.30,1518.75,1495.05,1508.50,1508.137307453075262522,109324,3869,164875603.00,49718,45.48,23.70,7.20
6-May-2025,1509.00,1515.50,1499.10,1511.30,1510.118543339444901055,94902,3665,143313270.00,57886,61.00,16.40,2.30
5-May-2025,1507.35,1522.45,1502.75,1507.70,1512.131315998637447484,105684,3653,159808086.00,67948,64.29,19.70,0.35
2-May-2025,1504.95,1523.70,1496.40,1506.45,1510.089798773270203378,92930,5510,140332645.00,39022,41.99,27.30,1.50
30-April-2025,1497.40,1508.00,1486.00,1498.90,1500.548533147758428426,119269,4233,178968923.00,61696,51.73,22.00,1.50
29-April-2025,1482.20,1509.60,1474.50,1497.40,1491.329356566682975173,398565,19745,594391685.00,196864,49.39,35.10,15.20
28-April-2025,1483.00,1488.70,1465.30,1482.20,1477.710621506701123865,532448,19955,786804065.00,382206,71.78,23.40,-0.80
25-April-2025,1474.10,1501.50,1464.00,1480.20,1484.163283972678729467,236153,8768,350489612.00,101477,42.97,37.50,6.10
24-April-2025,1474.75,1483.00,1461.15,1471.30,1469.732903398418121923,179407,5968,263680371.00,118478,66.04,21.85,-3.45
23-April-2025,1447.35,1487.85,1441.55,1474.85,1471.624651303820497271,329800,9413,485341810.00,130213,39.48,46.30,27.50
22-April-2025,1448.95,1448.95,1419.60,1422.40,1425.470895756700115125,391747,12926,558423947.00,213934,54.61,29.35,-26.55
21-April-2025,1409.00,1471.50,1409.00,1450.45,1450.616073432645394511,592543,20729,859552400.00,238622,40.27,62.50,41.45
17-April-2025,1404.85,1429.40,1378.60,1420.20,1396.359149780249698572,771330,23993,1077053703.00,480760,62.33,50.80,15.35
16-April-2025,1429.95,1429.95,1396.95,1413.00,1412.110083527031805192,345038,18364,487231639.00,199031,57.68,33.00,-16.95
15-April-2025,1440.40,1447.00,1409.10,1427.25,1423.327799856056576024,383484,16746,545823438.00,221545,57.77,37.90,-13.15
11-April-2025,1414.65,1438.55,1397.65,1410.60,1421.249420348601540332,493400,18110,701244464.00,266598,54.03,40.90,-4.05
9-April-2025,1408.20,1408.20,1381.35,1404.20,1394.304926617567701089,263142,16382,366900187.00,167508,63.66,26.85,-4.00
8-April-2025,1427.00,1456.50,1415.00,1429.30,1436.983918044295702182,415932,18641,597687595.00,116179,27.93,41.50,2.30
7-April-2025,1350.00,1406.85,1307.10,1397.80,1361.767448589360191422,1050658,50183,1430751864.00,584310,55.61,99.75,47.80
4-April-2025,1466.95,1472.00,1448.00,1452.30,1460.051752241238793806,353376,25682,515947248.00,193774,54.84,24.00,-14.65
3-April-2025,1522.90,1530.00,1485.10,1497.00,1499.304080158627409562,293518,14229,440072735.00,169916,57.89,44.90,-25.90
2-April-2025,1531.50,1555.50,1531.50,1549.85,1547.105368156440910818,136844,7745,211712087.00,65727,48.03,24.00,18.35
1-April-2025,1535.10,1547.70,1518.00,1527.50,1529.650663704317373048,265555,13575,406206382.00,111285,41.91,29.70,-7.60
